
INSERT INTO product (id, idshop , name,total, description, type, made_in,idimg,kind, brand, color, size,male, cost, date_add,views) values ('p02231030','u0223101',N'Juno',100,N'Giày nữ Búp bê chéo quai gắn khóa hoa', N'Giày','Vietnam','i02231240',N'Người lớn', N'Juno', N'Kem', '31',0,46000,'2020-11-19',10);
INSERT INTO product (id, idshop , name,total, description, type, made_in,idimg,kind, brand, color, size,male, cost, date_add,views) values ('p02231031','u0223101',N'Juno',100,N'Giày nữ Búp bê quai cổ chân mẫu mới kiểu dáng thời trang trẻ trung', N'Giày','Vietnam','i02231241',N'Người lớn', N'Juno', N'Đen', '31',0,44600,'2020-12-2',10);
INSERT INTO product (id, idshop , name,total, description, type, made_in,idimg,kind, brand, color, size,male, cost, date_add,views) values ('p02231032','u0223101',N'Juno',200,N'Giày cao gót Mary Jane', N'Giày','Vietnam','i02231242',N'Người lớn', N'Juno', N'Xanh Ngọc', '31',0,48600,'2020-12-21',0);
INSERT INTO product (id, idshop , name,total, description, type, made_in,idimg,kind, brand, color, size,male, cost, date_add,views) values ('p02231033','u0223101',N'Bitis',100,N'Giày nam đá banh Futsal', N'Giày','Vietnam','i02231243',N'Người lớn', N'Bitis', N'Xanh Biển', '31',1,71600,'2021-1-10',10);
INSERT INTO product (id, idshop , name,total, description, type, made_in,idimg,kind, brand, color, size,male, cost, date_add,views) values ('p02231034','u0223101',N'Juno',100,N'Giày nữ Búp bê mũi nhọn', N'Giày','Vietnam','i02231244',N'Người lớn', N'Juno', N'Vàng', '31',0,38700,'2021-2-16',4);
INSERT INTO product (id, idshop , name,total, description, type, made_in,idimg,kind, brand, color, size,male, cost, date_add,views) values ('p02231035','u0223101',N'Juno',100,N'Giày nữ Sneaker Gravity', N'Giày','Vietnam','i02231245',N'Người lớn', N'Juno', N'Hồng', '31',0,87800,'2021-2-25',10);
INSERT INTO product (id, idshop , name,total, description, type, made_in,idimg,kind, brand, color, size,male, cost, date_add,views) values ('p02231036','u0223101',N'Juno',100,N'Giày nữ Sneaker Though My Eyes', N'Giày','Vietnam','i02231246',N'Người lớn', N'Juno', N'Trắng', '31',0,83900,'2021-2-28',10);
INSERT INTO product (id, idshop , name,total, description, type, made_in,idimg,kind, brand, color, size,male, cost, date_add,views) values ('p02231037','u0223101',N'Bitis',200,N'Giày nam đá banh', N'Giày','Vietnam','i02231247',N'Người lớn', N'Bitis', N'Vàng', '31',0,67700,'2021-3-1',0);
INSERT INTO product (id, idshop , name,total, description, type, made_in,idimg,kind, brand, color, size,male, cost, date_add,views) values ('p02231038','u0223101',N'Juno',100,N'Giày nữ cao gót phối xích gắn khóa', N'Giày','Vietnam','i02231248',N'Người lớn', N'Bitis', N'Xanh Ngọc', '31',1,48600,'2021-3-20',10);
INSERT INTO product (id, idshop , name,total, description, type, made_in,idimg,kind, brand, color, size,male, cost, date_add,views) values ('p02231039','u0223101',N'Bitis',100,N'Giày nam sandal PU', N'Giày','Vietnam','i02231249',N'Người lớn', N'Bitis', N'Da Nâu', '31',0,35300,'2021-3-31',4);
INSERT INTO product (id, idshop , name,total, description, type, made_in,idimg,kind, brand, color, size,male, cost, date_add,views) values ('p02231040','u0223101',N'Bitis',100,N'Giày nam sandal Eva', N'Giày','Vietnam','i02231250',N'Người lớn', N'Bitis', N'Đen', '31',0,48000,'2021-4-4',10);
INSERT INTO product (id, idshop , name,total, description, type, made_in,idimg,kind, brand, color, size,male, cost, date_add,views) values ('p02231041','u0223101',N'Bitis',100,N'Giày tây nam', N'Giày','Vietnam','i02231251',N'Người lớn', N'Bitis', N'Da Nâu', '31',0,70000,'2021-4-12',10);
INSERT INTO product (id, idshop , name,total, description, type, made_in,idimg,kind, brand, color, size,male, cost, date_add,views) values ('p02231042','u0223101',N'Bitis',200,N'Giày nữ sandal TPR', N'Giày','Vietnam','i02231252',N'Người lớn', N'Bitis', N'Hồng', '31',0,25500,'2021-4-17',0);
INSERT INTO product (id, idshop , name,total, description, type, made_in,idimg,kind, brand, color, size,male, cost, date_add,views) values ('p02231043','u0223101',N'Juno',100,N'Giày nữ sandal 3 quai dây nhún', N'Giày','Vietnam','i02231253',N'Người lớn', N'Juno', N'Vàng', '31',1,44000,'2021-4-22',10);
INSERT INTO product (id, idshop , name,total, description, type, made_in,idimg,kind, brand, color, size,male, cost, date_add,views) values ('p02231044','u0223101',N'Bitis',100,N'Giày nữ chạy bộ', N'Giày','Vietnam','i02231254',N'Người lớn', N'Bitis', N'Xám', '31',0,71000,'2021-5-3',4);
INSERT INTO product (id, idshop , name,total, description, type, made_in,idimg,kind, brand, color, size,male, cost, date_add,views) values ('p02231045','u0223101',N'Bitis',100,N'Giày nam chạy bộ', N'Giày','Vietnam','i02231255',N'Người lớn', N'Bitis', N'Trắng', '31',0,71000,'2021-5-7',10);
INSERT INTO product (id, idshop , name,total, description, type, made_in,idimg,kind, brand, color, size,male, cost, date_add,views) values ('p02231046','u0223101',N'Bitis',100,N'Giày bé gái Búp bê', N'Giày','Vietnam','i02231256',N'Trẻ em', N'Bitis', N'Hồng', '24',0,21600,'2021-5-24',10);
INSERT INTO product (id, idshop , name,total, description, type, made_in,idimg,kind, brand, color, size,male, cost, date_add,views) values ('p02231047','u0223101',N'Bitis',200,N'Dép bé gái', N'Giày','Vietnam','i02231257',N'Trẻ em', N'Bitis', N'Hồng Tím', '24',0,147000,'2021-5-29',0);
INSERT INTO product (id, idshop , name,total, description, type, made_in,idimg,kind, brand, color, size,male, cost, date_add,views) values ('p02231048','u0223101',N'Bitis',100,N'Giày bé trai Thể thao', N'Giày','Vietnam','i02231258',N'Trẻ em', N'Bitis', N'Xanh Ngọc', '24',1,39300,'2021-7-1',10);
INSERT INTO product (id, idshop , name,total, description, type, made_in,idimg,kind, brand, color, size,male, cost, date_add,views) values ('p02231049','u0223101',N'Bitis',100,N'Dép bé trai', N'Giày','Vietnam','i02231259',N'Trẻ em', N'Bitis', N'Xám', '24',0,118000,'2021-8-18',4);


INSERT INTO user (id, fullname , email, address, username, password,phonenumber,actived,shop,admin, birthday) values ('u0223101',N'Trịnh Lê Quốc Khánh','18130112@st.hcmuaf.edu.vn',N'Thành Phố Hồ Chí Minh', 'user01','abcde','0901973561',1,1,0,'1999-05-24');
INSERT INTO user (id, fullname , email, address, username, password,phonenumber,actived,shop,admin, birthday) values ('u0223102',N'Đinh Văn Phát','18130113@st.hcmuaf.edu.vn',N'Thành Phố Cần Thơ', 'user02','abcde','0901913361',1,0,1,'2000-3-15');
INSERT INTO user (id, fullname , email, address, username, password,phonenumber,actived,shop,admin, birthday) values ('u0223103',N'Lê Tấn Phát','18130114@st.hcmuaf.edu.vn',N'Thành Phố Hồ Chí Minh', 'user03','abcde','0901923561',1,1,0,'1971-7-15');
INSERT INTO user (id, fullname , email, address, username, password,phonenumber,actived,shop,admin, birthday) values ('u0223104',N'Lê Minh Phong','18130115@st.hcmuaf.edu.vn',N'Thành Phố Hà Nội', 'user04','abcde','0901423561',1,0,0,'1971-3-19');
INSERT INTO user (id, fullname , email, address, username, password,phonenumber,actived,shop,admin, birthday) values ('u0223105',N'Lê Đình Phùng','18130116@st.hcmuaf.edu.vn',N'Thành Phố Bình Dương', 'user05','abcde','0731973561',1,0,0,'1979-3-15');
INSERT INTO user (id, fullname , email, address, username, password,phonenumber,actived,shop,admin, birthday) values ('u0223106',N'Nguyễn Văn Thanh','18130117@st.hcmuaf.edu.vn',N'Thành Phố Thủ Đức', 'user06','abcde','0954973561',1,0,0,'1971-7-25');
INSERT INTO user (id, fullname , email, address, username, password,phonenumber,actived,shop,admin, birthday) values ('u0223107',N'Mai Lê Chí Thành','18130118@st.hcmuaf.edu.vn',N'Thành Phố Hồ Chí Minh', 'user07','abcde','0951973561',1,0,0,'1973-10-5');
INSERT INTO user (id, fullname , email, address, username, password,phonenumber,actived,shop,admin, birthday) values ('u0223108',N'Nguyễn Gia Thịnh','18130119@st.hcmuaf.edu.vn',N'Thành Phố Hà Nội', 'user08','abcde','0901943561',1,0,0,'1975-5-5');
INSERT INTO user (id, fullname , email, address, username, password,phonenumber,actived,shop,admin, birthday) values ('u0223109',N'Bùi Anh Tuấn','18130120@st.hcmuaf.edu.vn',N'Tỉnh Tiền Giang', 'user09','abcde','0924273561',1,0,0,'1990-4-18');
INSERT INTO user (id, fullname , email, address, username, password,phonenumber,actived,shop,admin, birthday) values ('u0223110',N'Trần Văn Tuấn','18130121@st.hcmuaf.edu.vn',N'Tỉnh Vĩnh Long', 'user10','abcde','0934973561',1,0,0,'1992-8-15');
INSERT INTO user (id, fullname , email, address, username, password,phonenumber,actived,shop,admin, birthday) values ('u0223111',N'Vũ Văn Minh','18130122@st.hcmuaf.edu.vn',N'Tỉnh Cà Mau', 'user11','abcde','0901973261',1,0,0,'1996-4-14');
INSERT INTO user (id, fullname , email, address, username, password,phonenumber,actived,shop,admin, birthday) values ('u0223112',N'Nguyễn Thành Vương','18130123@st.hcmuaf.edu.vn',N'Thành Phố Hồ Chí Minh', 'user12','abcde','0901573561',1,0,0,'1997-9-10');
INSERT INTO user (id, fullname , email, address, username, password,phonenumber,actived,shop,admin, birthday) values ('u0223113',N'Trần Hoàng Quân','18130124@st.hcmuaf.edu.vn',N'Thành Phố Hồ Chí Minh', 'user13','abcde','0901933561',1,0,0,'1975-10-11');
INSERT INTO user (id, fullname , email, address, username, password,phonenumber,actived,shop,admin, birthday) values ('u0223114',N'Đặng Minh Nhật','18130125@st.hcmuaf.edu.vn',N'Thành Phố Hồ Chí Minh', 'user14','abcde','0901973541',1,0,0,'1979-8-20');
INSERT INTO user (id, fullname , email, address, username, password,phonenumber,actived,shop,admin, birthday) values ('u0223115',N'Nguyễn Hồ Phước Hậu','18130126@st.hcmuaf.edu.vn',N'Thành Phố Hồ Chí Minh', 'user15','abcde','0901973511',1,0,0,'1985-12-15');


INSERT INTO cart (id, idProduct , idUser, total,status, orderDate, deliveredDate) values ('c02230278','p02231030','u0223101',20,N'CHỜ XÁC NHẬN','2022-2-15',null);
INSERT INTO cart (id, idProduct , idUser, total,status, orderDate, deliveredDate) values ('c02230279','p02231032','u0223101',20,N'ĐÃ NHẬN','2022-2-25','2022-2-28');
INSERT INTO cart (id, idProduct , idUser, total,status, orderDate, deliveredDate) values ('c02230280','p02231033','u0223102',13,N'CHỜ XÁC NHẬN','2022-2-10',null);
INSERT INTO cart (id, idProduct , idUser, total,status, orderDate, deliveredDate) values ('c02230281','p02231034','u0223103',22,N'CHỜ XÁC NHẬN','2022-1-1',null);
INSERT INTO cart (id, idProduct , idUser, total,status, orderDate, deliveredDate) values ('c02230282','p02231037','u0223103',22,N'ĐÃ NHẬN','2022-1-2','2022-1-5');
INSERT INTO cart (id, idProduct , idUser, total,status, orderDate, deliveredDate) values ('c02230283','p02231049','u0223104',2,N'CHỜ XÁC NHẬN','2022-3-2',null);
INSERT INTO cart (id, idProduct , idUser, total,status, orderDate, deliveredDate) values ('c02230284','p02231031','u0223104',2,N'ĐÃ HỦY','2022-3-3',null);
INSERT INTO cart (id, idProduct , idUser, total,status, orderDate, deliveredDate) values ('c02230285','p02231035','u0223105',30,N'CHỜ XÁC NHẬN','2022-4-10',null);
INSERT INTO cart (id, idProduct , idUser, total,status, orderDate, deliveredDate) values ('c02230286','p02231036','u0223106',8,N'CÒN TRONG GIỎ HÀNG',null,null);
INSERT INTO cart (id, idProduct , idUser, total,status, orderDate, deliveredDate) values ('c02230287','p02231038','u0223107',10,N'CHỜ XÁC NHẬN','2022-5-21',null);
INSERT INTO cart (id, idProduct , idUser, total,status, orderDate, deliveredDate) values ('c02230288','p02231039','u0223108',50,N'CHỜ XÁC NHẬN','2022-5-21',null);
INSERT INTO cart (id, idProduct , idUser, total,status, orderDate, deliveredDate) values ('c02230289','p02231040','u0223108',50,N'ĐÃ NHẬN','2022-5-24','2022-5-27');
INSERT INTO cart (id, idProduct , idUser, total,status, orderDate, deliveredDate) values ('c02230290','p02231041','u0223108',100,N'ĐÃ HỦY','2022-5-30',null);
INSERT INTO cart (id, idProduct , idUser, total,status, orderDate, deliveredDate) values ('c02230291','p02231043','u0223109',25,N'CHỜ XÁC NHẬN','2022-6-3',null);
INSERT INTO cart (id, idProduct , idUser, total,status, orderDate, deliveredDate) values ('c02230292','p02231044','u0223109',25,N'ĐÃ NHẬN','2022-6-6','2022-6-9');
INSERT INTO cart (id, idProduct , idUser, total,status, orderDate, deliveredDate) values ('c02230293','p02231044','u0223109',15,N'ĐÃ NHẬN','2022-2-6','2022-2-9');
INSERT INTO cart (id, idProduct , idUser, total,status, orderDate, deliveredDate) values ('c02230294','p02231030','u0223109',35,N'ĐÃ NHẬN','2022-2-6','2022-2-9');
INSERT INTO cart (id, idProduct , idUser, total,status, orderDate, deliveredDate) values ('c02230295','p02231030','u0223109',35,N'ĐÃ NHẬN','2022-6-6','2022-6-9');


INSERT INTO follow (id,iduser, idfollower) values ('f02231234','u0223101','u0223102');
INSERT INTO follow (id,iduser, idfollower) values ('f02231235','u0223101','u0223103');
INSERT INTO follow (id,iduser, idfollower) values ('f02231236','u0223102','u0223101');
INSERT INTO follow (id,iduser, idfollower) values ('f02231237','u0223101','u0223104');
INSERT INTO follow (id,iduser, idfollower) values ('f02231238','u0223101','u0223105');
INSERT INTO follow (id,iduser, idfollower) values ('f02231239','u0223101','u0223106');
INSERT INTO follow (id,iduser, idfollower) values ('f02231240','u0223101','u0223107');
INSERT INTO follow (id,iduser, idfollower) values ('f02231241','u0223103','u0223108');
INSERT INTO follow (id,iduser, idfollower) values ('f02231242','u0223101','u0223109');
INSERT INTO follow (id,iduser, idfollower) values ('f02231243','u0223101','u0223110');
INSERT INTO follow (id,iduser, idfollower) values ('f02231244','u0223101','u0223112');
INSERT INTO follow (id,iduser, idfollower) values ('f02231245','u0223101','u0223111');
INSERT INTO follow (id,iduser, idfollower) values ('f02231246','u0223101','u0223113');
INSERT INTO follow (id,iduser, idfollower) values ('f02231247','u0223101','u0223114');
INSERT INTO follow (id,iduser, idfollower) values ('f02231248','u0223101','u0223115');


INSERT INTO shop (id,iduser, name) values ('s02231248','u0223101','abc');


INSERT INTO img (id,idimg,idproduct, srcimg) values ('i02231240','i02231240','p02231030','/images/01_giaybupbequaicheo_nu/giaybupbe_juno_12.jpg');
INSERT INTO img (id,idimg,idproduct, srcimg) values ('i02231241','i02231240','p02231030','/images/01_giaybupbequaicheo_nu/giaybupbe_juno_13.jpg');
INSERT INTO img (id,idimg,idproduct, srcimg) values ('i02231242','i02231240','p02231030','/images/01_giaybupbequaicheo_nu/giaybupbe_juno_14.jpg');
INSERT INTO img (id,idimg,idproduct, srcimg) values ('i02231243','i02231240','p02231030','/images/01_giaybupbequaicheo_nu/giaybupbe_juno_15.jpg');
INSERT INTO img (id,idimg,idproduct, srcimg) values ('i02231244','i02231240','p02231030','/images/01_giaybupbequaicheo_nu/giaybupbe_juno_16.jpg');

INSERT INTO img (id,idimg,idproduct, srcimg) values ('i02231247','i02231241','p02231031','/images/02_giaybupbequaicochan_nu/giaybupbe_juno_21.jpg');
INSERT INTO img (id,idimg,idproduct, srcimg) values ('i02231248','i02231241','p02231031','/images/02_giaybupbequaicochan_nu/giaybupbe_juno_22.jpg');
INSERT INTO img (id,idimg,idproduct, srcimg) values ('i02231249','i02231241','p02231031','/images/02_giaybupbequaicochan_nu/giaybupbe_juno_23.jpg');
INSERT INTO img (id,idimg,idproduct, srcimg) values ('i02231250','i02231241','p02231031','/images/02_giaybupbequaicochan_nu/giaybupbe_juno_24.jpg');
INSERT INTO img (id,idimg,idproduct, srcimg) values ('i02231251','i02231241','p02231031','/images/02_giaybupbequaicochan_nu/giaybupbe_juno_25.jpg');
INSERT INTO img (id,idimg,idproduct, srcimg) values ('i02231252','i02231241','p02231031','/images/02_giaybupbequaicochan_nu/giaybupbe_juno_26.jpg');

INSERT INTO img (id,idimg,idproduct, srcimg) values ('i02231254','i02231242','p02231032','/images/15_giaycaogotMaryJane/giaycaogot_juno_51.jpg');
INSERT INTO img (id,idimg,idproduct, srcimg) values ('i02231255','i02231242','p02231032','/images/15_giaycaogotMaryJane/giaycaogot_juno_52.jpg');
INSERT INTO img (id,idimg,idproduct, srcimg) values ('i02231256','i02231242','p02231032','/images/15_giaycaogotMaryJane/giaycaogot_juno_53.jpg');
INSERT INTO img (id,idimg,idproduct, srcimg) values ('i02231257','i02231242','p02231032','/images/15_giaycaogotMaryJane/giaycaogot_juno_54.jpg');
INSERT INTO img (id,idimg,idproduct, srcimg) values ('i02231258','i02231242','p02231032','/images/15_giaycaogotMaryJane/giaycaogot_juno_55.jpg');
INSERT INTO img (id,idimg,idproduct, srcimg) values ('i02231259','i02231242','p02231032','/images/15_giaycaogotMaryJane/giaycaogot_juno_56.jpg');

INSERT INTO img (id,idimg,idproduct, srcimg) values ('i02231261','i02231243','p02231033','/images/16_giaydabanhFutsal/football_bitis_11.jpg');
INSERT INTO img (id,idimg,idproduct, srcimg) values ('i02231262','i02231243','p02231033','/images/16_giaydabanhFutsal/football_bitis_12.jpg');
INSERT INTO img (id,idimg,idproduct, srcimg) values ('i02231263','i02231243','p02231033','/images/16_giaydabanhFutsal/football_bitis_13.jpg');
INSERT INTO img (id,idimg,idproduct, srcimg) values ('i02231264','i02231243','p02231033','/images/16_giaydabanhFutsal/football_bitis_14.jpg');
INSERT INTO img (id,idimg,idproduct, srcimg) values ('i02231265','i02231243','p02231033','/images/16_giaydabanhFutsal/football_bitis_15.jpg');

INSERT INTO img (id,idimg,idproduct, srcimg) values ('i02231268','i02231244','p02231034','/images/05_giaybupbemuinhon_nu/giaybupbe_juno_51.jpg');
INSERT INTO img (id,idimg,idproduct, srcimg) values ('i02231269','i02231244','p02231034','/images/05_giaybupbemuinhon_nu/giaybupbe_juno_52.jpg');
INSERT INTO img (id,idimg,idproduct, srcimg) values ('i02231270','i02231244','p02231034','/images/05_giaybupbemuinhon_nu/giaybupbe_juno_53.jpg');
INSERT INTO img (id,idimg,idproduct, srcimg) values ('i02231271','i02231244','p02231034','/images/05_giaybupbemuinhon_nu/giaybupbe_juno_54.jpg');
INSERT INTO img (id,idimg,idproduct, srcimg) values ('i02231272','i02231244','p02231034','/images/05_giaybupbemuinhon_nu/giaybupbe_juno_55.jpg');
INSERT INTO img (id,idimg,idproduct, srcimg) values ('i02231273','i02231244','p02231034','/images/05_giaybupbemuinhon_nu/giaybupbe_juno_56.jpg');

INSERT INTO img (id,idimg,idproduct, srcimg) values ('i02231275','i02231245','p02231035','/images/06_giaysneakerGravity_nu/sneakerjuno_11.jpg');
INSERT INTO img (id,idimg,idproduct, srcimg) values ('i02231276','i02231245','p02231035','/images/06_giaysneakerGravity_nu/sneakerjuno_12.jpg');
INSERT INTO img (id,idimg,idproduct, srcimg) values ('i02231277','i02231245','p02231035','/images/06_giaysneakerGravity_nu/sneakerjuno_13.jpg');
INSERT INTO img (id,idimg,idproduct, srcimg) values ('i02231278','i02231245','p02231035','/images/06_giaysneakerGravity_nu/sneakerjuno_14.jpg');
INSERT INTO img (id,idimg,idproduct, srcimg) values ('i02231279','i02231245','p02231035','/images/06_giaysneakerGravity_nu/sneakerjuno_15.jpg');
INSERT INTO img (id,idimg,idproduct, srcimg) values ('i02231280','i02231245','p02231035','/images/06_giaysneakerGravity_nu/sneakerjuno_16.jpg');

INSERT INTO img (id,idimg,idproduct, srcimg) values ('i02231281','i02231246','p02231036','/images/07_giaysneakerThoughMyEyes_nu/sneakerjuno_27.jpg');
INSERT INTO img (id,idimg,idproduct, srcimg) values ('i02231282','i02231246','p02231036','/images/07_giaysneakerThoughMyEyes_nu/sneakerjuno_28.jpg');
INSERT INTO img (id,idimg,idproduct, srcimg) values ('i02231283','i02231246','p02231036','/images/07_giaysneakerThoughMyEyes_nu/sneakerjuno_29.jpg');
INSERT INTO img (id,idimg,idproduct, srcimg) values ('i02231284','i02231246','p02231036','/images/07_giaysneakerThoughMyEyes_nu/sneakerjuno_210.jpg');
INSERT INTO img (id,idimg,idproduct, srcimg) values ('i02231285','i02231246','p02231036','/images/07_giaysneakerThoughMyEyes_nu/sneakerjuno_211.jpg');
INSERT INTO img (id,idimg,idproduct, srcimg) values ('i02231286','i02231246','p02231036','/images/07_giaysneakerThoughMyEyes_nu/sneakerjuno_212.jpg');

INSERT INTO img (id,idimg,idproduct, srcimg) values ('i02231287','i02231247','p02231037','/images/18_giaydabanh/football_bitis_36.jpg');
INSERT INTO img (id,idimg,idproduct, srcimg) values ('i02231288','i02231247','p02231037','/images/18_giaydabanh/football_bitis_37.jpg');
INSERT INTO img (id,idimg,idproduct, srcimg) values ('i02231289','i02231247','p02231037','/images/18_giaydabanh/football_bitis_38.jpg');
INSERT INTO img (id,idimg,idproduct, srcimg) values ('i02231290','i02231247','p02231037','/images/18_giaydabanh/football_bitis_39.jpg');
INSERT INTO img (id,idimg,idproduct, srcimg) values ('i02231291','i02231247','p02231037','/images/18_giaydabanh/football_bitis_310.jpg');

INSERT INTO img (id,idimg,idproduct, srcimg) values ('i02231292','i02231248','p02231038','/images/11_giaycaogotphoixichgankhoa/giaycaogot_juno_11.jpg');
INSERT INTO img (id,idimg,idproduct, srcimg) values ('i02231293','i02231248','p02231038','/images/11_giaycaogotphoixichgankhoa/giaycaogot_juno_12.jpg');
INSERT INTO img (id,idimg,idproduct, srcimg) values ('i02231294','i02231248','p02231038','/images/11_giaycaogotphoixichgankhoa/giaycaogot_juno_13.jpg');
INSERT INTO img (id,idimg,idproduct, srcimg) values ('i02231295','i02231248','p02231038','/images/11_giaycaogotphoixichgankhoa/giaycaogot_juno_14.jpg');
INSERT INTO img (id,idimg,idproduct, srcimg) values ('i02231296','i02231248','p02231038','/images/11_giaycaogotphoixichgankhoa/giaycaogot_juno_15.jpg');
INSERT INTO img (id,idimg,idproduct, srcimg) values ('i02231297','i02231248','p02231038','/images/11_giaycaogotphoixichgankhoa/giaycaogot_juno_16.jpg');

INSERT INTO img (id,idimg,idproduct, srcimg) values ('i02231298','i02231249','p02231039','/images/21_giaysandalPU_nam/giaysandal_bitis_11.jpg');
INSERT INTO img (id,idimg,idproduct, srcimg) values ('i02231299','i02231249','p02231039','/images/21_giaysandalPU_nam/giaysandal_bitis_12.jpg');
INSERT INTO img (id,idimg,idproduct, srcimg) values ('i02231300','i02231249','p02231039','/images/21_giaysandalPU_nam/giaysandal_bitis_13.jpg');
INSERT INTO img (id,idimg,idproduct, srcimg) values ('i02231301','i02231249','p02231039','/images/21_giaysandalPU_nam/giaysandal_bitis_14.jpg');
INSERT INTO img (id,idimg,idproduct, srcimg) values ('i02231302','i02231249','p02231039','/images/21_giaysandalPU_nam/giaysandal_bitis_15.jpg');

INSERT INTO img (id,idimg,idproduct, srcimg) values ('i02231303','i02231250','p02231040','/images/22_giaysandalEva_nam/giaysandal_bitis_26.jpg');
INSERT INTO img (id,idimg,idproduct, srcimg) values ('i02231304','i02231250','p02231040','/images/22_giaysandalEva_nam/giaysandal_bitis_27.jpg');
INSERT INTO img (id,idimg,idproduct, srcimg) values ('i02231305','i02231250','p02231040','/images/22_giaysandalEva_nam/giaysandal_bitis_28.jpg');
INSERT INTO img (id,idimg,idproduct, srcimg) values ('i02231306','i02231250','p02231040','/images/22_giaysandalEva_nam/giaysandal_bitis_29.jpg');
INSERT INTO img (id,idimg,idproduct, srcimg) values ('i02231307','i02231250','p02231040','/images/22_giaysandalEva_nam/giaysandal_bitis_30.jpg');

INSERT INTO img (id,idimg,idproduct, srcimg) values ('i02231308','i02231251','p02231041','/images/32_giaytay_nam/giaytay_bitis_11.jpg');
INSERT INTO img (id,idimg,idproduct, srcimg) values ('i02231309','i02231251','p02231041','/images/32_giaytay_nam/giaytay_bitis_12.jpg');
INSERT INTO img (id,idimg,idproduct, srcimg) values ('i02231310','i02231251','p02231041','/images/32_giaytay_nam/giaytay_bitis_13.jpg');
INSERT INTO img (id,idimg,idproduct, srcimg) values ('i02231311','i02231251','p02231041','/images/32_giaytay_nam/giaytay_bitis_14.jpg');
INSERT INTO img (id,idimg,idproduct, srcimg) values ('i02231312','i02231251','p02231041','/images/32_giaytay_nam/giaytay_bitis_15.jpg');

INSERT INTO img (id,idimg,idproduct, srcimg) values ('i02231313','i02231252','p02231042','/images/25_giaysandalTPR_nu/giaysandal_bitis_51.jpg');
INSERT INTO img (id,idimg,idproduct, srcimg) values ('i02231314','i02231252','p02231042','/images/25_giaysandalTPR_nu/giaysandal_bitis_52.jpg');
INSERT INTO img (id,idimg,idproduct, srcimg) values ('i02231315','i02231252','p02231042','/images/25_giaysandalTPR_nu/giaysandal_bitis_53.jpg');
INSERT INTO img (id,idimg,idproduct, srcimg) values ('i02231316','i02231252','p02231042','/images/25_giaysandalTPR_nu/giaysandal_bitis_54.jpg');
INSERT INTO img (id,idimg,idproduct, srcimg) values ('i02231317','i02231252','p02231042','/images/25_giaysandalTPR_nu/giaysandal_bitis_55.jpg');

INSERT INTO img (id,idimg,idproduct, srcimg) values ('i02231318','i02231253','p02231043','/images/08_giaysandal3quaidaynhun_nu/giaysandal_juno_11.jpg');
INSERT INTO img (id,idimg,idproduct, srcimg) values ('i02231319','i02231253','p02231043','/images/08_giaysandal3quaidaynhun_nu/giaysandal_juno_12.jpg');
INSERT INTO img (id,idimg,idproduct, srcimg) values ('i02231320','i02231253','p02231043','/images/08_giaysandal3quaidaynhun_nu/giaysandal_juno_13.jpg');
INSERT INTO img (id,idimg,idproduct, srcimg) values ('i02231321','i02231253','p02231043','/images/08_giaysandal3quaidaynhun_nu/giaysandal_juno_14.jpg');
INSERT INTO img (id,idimg,idproduct, srcimg) values ('i02231322','i02231253','p02231043','/images/08_giaysandal3quaidaynhun_nu/giaysandal_juno_15.jpg');

INSERT INTO img (id,idimg,idproduct, srcimg) values ('i02231323','i02231254','p02231044','/images/19_giaychaybo_nam_nu/giaychaybo_bitis_16.jpg');
INSERT INTO img (id,idimg,idproduct, srcimg) values ('i02231324','i02231254','p02231044','/images/19_giaychaybo_nam_nu/giaychaybo_bitis_17.jpg');
INSERT INTO img (id,idimg,idproduct, srcimg) values ('i02231325','i02231254','p02231044','/images/19_giaychaybo_nam_nu/giaychaybo_bitis_18.jpg');
INSERT INTO img (id,idimg,idproduct, srcimg) values ('i02231326','i02231254','p02231044','/images/19_giaychaybo_nam_nu/giaychaybo_bitis_19.jpg');
INSERT INTO img (id,idimg,idproduct, srcimg) values ('i02231327','i02231254','p02231044','/images/19_giaychaybo_nam_nu/giaychaybo_bitis_110.jpg');

INSERT INTO img (id,idimg,idproduct, srcimg) values ('i02231328','i02231255','p02231045','/images/20_giaychaybo_nam_nu/giaychaybo_bitis_26.jpg');
INSERT INTO img (id,idimg,idproduct, srcimg) values ('i02231329','i02231255','p02231045','/images/20_giaychaybo_nam_nu/giaychaybo_bitis_27.jpg');
INSERT INTO img (id,idimg,idproduct, srcimg) values ('i02231330','i02231255','p02231045','/images/20_giaychaybo_nam_nu/giaychaybo_bitis_28.jpg');
INSERT INTO img (id,idimg,idproduct, srcimg) values ('i02231331','i02231255','p02231045','/images/20_giaychaybo_nam_nu/giaychaybo_bitis_29.jpg');
INSERT INTO img (id,idimg,idproduct, srcimg) values ('i02231332','i02231255','p02231045','/images/20_giaychaybo_nam_nu/giaychaybo_bitis_210.jpg');

INSERT INTO img (id,idimg,idproduct, srcimg) values ('i02231333','i02231256','p02231046','/images/27_giaybupbe_begai/giaybupbe_bitis_16.jpg');
INSERT INTO img (id,idimg,idproduct, srcimg) values ('i02231334','i02231256','p02231046','/images/27_giaybupbe_begai/giaybupbe_bitis_17.jpg');
INSERT INTO img (id,idimg,idproduct, srcimg) values ('i02231335','i02231256','p02231046','/images/27_giaybupbe_begai/giaybupbe_bitis_18.jpg');
INSERT INTO img (id,idimg,idproduct, srcimg) values ('i02231336','i02231256','p02231046','/images/27_giaybupbe_begai/giaybupbe_bitis_19.jpg');
INSERT INTO img (id,idimg,idproduct, srcimg) values ('i02231337','i02231256','p02231046','/images/27_giaybupbe_begai/giaybupbe_bitis_110.jpg');

INSERT INTO img (id,idimg,idproduct, srcimg) values ('i02231338','i02231257','p02231047','/images/29_dep_begai/dep_bitis_11.jpg');
INSERT INTO img (id,idimg,idproduct, srcimg) values ('i02231339','i02231257','p02231047','/images/29_dep_begai/dep_bitis_12.jpg');
INSERT INTO img (id,idimg,idproduct, srcimg) values ('i02231340','i02231257','p02231047','/images/29_dep_begai/dep_bitis_13.jpg');
INSERT INTO img (id,idimg,idproduct, srcimg) values ('i02231341','i02231257','p02231047','/images/29_dep_begai/dep_bitis_14.jpg');
INSERT INTO img (id,idimg,idproduct, srcimg) values ('i02231342','i02231257','p02231047','/images/29_dep_begai/dep_bitis_15.jpg');

INSERT INTO img (id,idimg,idproduct, srcimg) values ('i02231343','i02231258','p02231048','/images/31_giaythethao_betrai_begai/giaythethao_bitis_11.jpg');
INSERT INTO img (id,idimg,idproduct, srcimg) values ('i02231344','i02231258','p02231048','/images/31_giaythethao_betrai_begai/giaythethao_bitis_12.jpg');
INSERT INTO img (id,idimg,idproduct, srcimg) values ('i02231345','i02231258','p02231048','/images/31_giaythethao_betrai_begai/giaythethao_bitis_13.jpg');
INSERT INTO img (id,idimg,idproduct, srcimg) values ('i02231346','i02231258','p02231048','/images/31_giaythethao_betrai_begai/giaythethao_bitis_14.jpg');
INSERT INTO img (id,idimg,idproduct, srcimg) values ('i02231347','i02231258','p02231048','/images/31_giaythethao_betrai_begai/giaythethao_bitis_15.jpg');

INSERT INTO img (id,idimg,idproduct, srcimg) values ('i02231348','i02231259','p02231049','/images/30_dep_betrai/dep_bitis_21.jpg');
INSERT INTO img (id,idimg,idproduct, srcimg) values ('i02231349','i02231259','p02231049','/images/30_dep_betrai/dep_bitis_22.jpg');
INSERT INTO img (id,idimg,idproduct, srcimg) values ('i02231350','i02231259','p02231049','/images/30_dep_betrai/dep_bitis_23.jpg');
INSERT INTO img (id,idimg,idproduct, srcimg) values ('i02231351','i02231259','p02231049','/images/30_dep_betrai/dep_bitis_24.jpg');
INSERT INTO img (id,idimg,idproduct, srcimg) values ('i02231352','i02231259','p02231049','/images/30_dep_betrai/dep_bitis_25.jpg');
